{"cameraMode":{"drawMode":0,"name":"Shaded","section":"Shading Mode"},"sceneLighting":true,"audioPlay":false,"sceneViewState":{"showFog":true,"showMaterialUpdate":false,"showSkybox":true,"showFlares":true,"showImageEffects":true,"showParticleSystems":true},"in2DMode":false,"pivot":{"x":261.6356201171875,"y":-155.7429656982422,"z":396.7851257324219},"rotation":{"x":-0.1988326609134674,"y":-0.19492116570472718,"z":0.04038788750767708,"w":-0.9596042037010193},"size":650.0972290039063,"orthographic":false}