{"cameraMode":{"drawMode":0,"name":"Shaded","section":"Shading Mode"},"sceneLighting":false,"audioPlay":false,"sceneViewState":{"showFog":true,"showMaterialUpdate":false,"showSkybox":true,"showFlares":true,"showImageEffects":true,"showParticleSystems":true},"in2DMode":false,"pivot":{"x":33.4844970703125,"y":189.73196411132813,"z":-269.231689453125},"rotation":{"x":-0.024618370458483697,"y":-0.673103392124176,"z":0.02242942899465561,"w":-0.7387981414794922},"size":1103.049072265625,"orthographic":false}